[{"fields": {"name": "Sales", "slug": "sales"}, "model": "vendors.vendortype", "pk": 1}, {"fields": {"website": "", "founded": null, "story": null, "github": "", "name": "Thoughtworks", "twitter": "", "linkedin": "", "slug": "thoughtworks", "partner_since": null, "phone": null, "created_on": "2014-11-25T03:21:27.032Z", "facebook": "", "avg_score": "5.0", "video": "", "industries": [], "joined_on": "2014-11-25T03:48:11Z", "logo": "images/logo/Thoughtworks_logo.png", "summary": "Global leaders in agile development and experience design", "type": null, "email": "jayeshghatge+dupe@gmail.com", "brochure": ""}, "model": "vendors.vendor", "pk": 4}, {"fields": {"website": "", "founded": null, "story": null, "github": "", "name": "Vetted", "twitter": "", "linkedin": "", "slug": "lamba-associates", "partner_since": null, "phone": null, "created_on": "2014-11-25T03:21:55.500Z", "facebook": "", "avg_score": "4.0", "video": "", "industries": [], "joined_on": "2014-11-25T03:33:34Z", "logo": "", "summary": "Providing strategic advantage through your network of partners", "type": null, "email": "jlamba+dupe@gmail.com", "brochure": ""}, "model": "vendors.vendor", "pk": 5}, {"fields": {"website": "", "founded": null, "story": null, "github": "", "name": "Opinr Inc", "twitter": "", "linkedin": "", "slug": "opinr-inc", "partner_since": null, "phone": null, "created_on": "2014-11-27T02:28:43.361Z", "facebook": "", "avg_score": null, "video": "", "industries": [], "joined_on": "2014-11-27T02:36:38.556Z", "logo": "", "summary": "", "type": null, "email": "jl@opinr.com", "brochure": ""}, "model": "vendors.vendor", "pk": 7}, {"fields": {"website": "http://www.sourcebits.com/", "founded": null, "story": null, "github": "", "name": "Sourcebits", "twitter": "@Sourcebits", "linkedin": "https://www.linkedin.com/company/sourcebits", "slug": "sourcebits", "partner_since": null, "phone": null, "created_on": "2014-12-05T05:15:59.372Z", "facebook": "https://www.facebook.com/SourcebitsTech", "avg_score": "5.0", "video": "https://www.youtube.com/watch?v=Mhpp1KWdp1g", "industries": [], "joined_on": null, "logo": "images/logo/Sourcebits_Logo.png", "summary": "Sourcebits Inc. is a \"design-led engineering\" services company based in San Francisco, CA \u2014 with an office in India \u2014", "type": null, "email": "rajashekaran@sourcebits.com", "brochure": ""}, "model": "vendors.vendor", "pk": 8}, {"fields": {"website": "", "founded": null, "story": null, "github": "", "name": "Tata Consultancy Services (TCS)", "twitter": "", "linkedin": "", "slug": "tata-consultancy-services-tcs", "partner_since": null, "phone": null, "created_on": "2014-12-09T02:51:02.509Z", "facebook": "", "avg_score": "5.0", "video": "https://www.youtube.com/watch?v=2ZuK-Jg9X-8", "industries": [], "joined_on": null, "logo": "images/logo/TCS_Logo.png", "summary": "Tata Consultancy Services Limited is an Indian multinational information technology service, consulting and business solutions company", "type": null, "email": "m.sobha@tcs.com", "brochure": ""}, "model": "vendors.vendor", "pk": 11}, {"fields": {"website": "http://www.nagarro.com/", "founded": null, "story": null, "github": "", "name": "Nagarro", "twitter": "", "linkedin": "", "slug": "nagarro", "partner_since": null, "phone": null, "created_on": "2014-12-09T04:51:36.868Z", "facebook": "", "avg_score": "5.0", "video": "https://www.youtube.com/watch?v=stcw0ftGwJo", "industries": [], "joined_on": null, "logo": "images/logo/Nagarro_Logo.png", "summary": "Nagarro is a custom software development and business consulting company that provides business consulting and technology services to its cl", "type": null, "email": "anurag.vashisht@nagarro.com", "brochure": ""}, "model": "vendors.vendor", "pk": 12}, {"fields": {"vendor": 4, "user": 1, "created": "2014-11-25T03:21:27.056Z"}, "model": "vendors.vendorinvitation", "pk": 2}, {"fields": {"vendor": 5, "user": 1, "created": "2014-11-25T03:21:55.526Z"}, "model": "vendors.vendorinvitation", "pk": 3}, {"fields": {"vendor": 7, "user": 1, "created": "2014-11-27T02:28:43.386Z"}, "model": "vendors.vendorinvitation", "pk": 5}, {"fields": {"vendor": 8, "user": 1, "created": "2014-12-05T05:15:59.398Z"}, "model": "vendors.vendorinvitation", "pk": 6}, {"fields": {"vendor": 11, "user": 1, "created": "2014-12-09T02:51:02.533Z"}, "model": "vendors.vendorinvitation", "pk": 9}, {"fields": {"vendor": 12, "user": 1, "created": "2014-12-09T04:51:36.892Z"}, "model": "vendors.vendorinvitation", "pk": 10}, {"fields": {"num_resources": 50, "vendor": 5, "location": 105}, "model": "vendors.vendorlocation", "pk": 1}, {"fields": {"num_resources": 30, "vendor": 5, "location": 102}, "model": "vendors.vendorlocation", "pk": 2}, {"fields": {"num_resources": 50, "vendor": 5, "location": 104}, "model": "vendors.vendorlocation", "pk": 3}, {"fields": {"num_resources": 30, "vendor": 5, "location": 103}, "model": "vendors.vendorlocation", "pk": 4}, {"fields": {"num_resources": 100, "vendor": 4, "location": 102}, "model": "vendors.vendorlocation", "pk": 6}, {"fields": {"num_resources": 400, "vendor": 4, "location": 106}, "model": "vendors.vendorlocation", "pk": 7}, {"fields": {"num_resources": 120, "vendor": 8, "location": 106}, "model": "vendors.vendorlocation", "pk": 8}, {"fields": {"num_resources": 1500, "vendor": 12, "location": 102}, "model": "vendors.vendorlocation", "pk": 11}, {"fields": {"num_resources": 25000, "vendor": 11, "location": 106}, "model": "vendors.vendorlocation", "pk": 12}, {"fields": {"num_resources": 10000, "vendor": 11, "location": 102}, "model": "vendors.vendorlocation", "pk": 13}, {"fields": {"num_resources": 20000, "vendor": 11, "location": 103}, "model": "vendors.vendorlocation", "pk": 14}, {"fields": {"num_resources": 223, "vendor": 5, "location": 106}, "model": "vendors.vendorlocation", "pk": 15}, {"fields": {"allocation": 0, "role": 1, "vendor": 4}, "model": "vendors.vendorroles", "pk": 1}, {"fields": {"allocation": 0, "role": 2, "vendor": 4}, "model": "vendors.vendorroles", "pk": 2}, {"fields": {"allocation": 0, "role": 3, "vendor": 4}, "model": "vendors.vendorroles", "pk": 3}, {"fields": {"allocation": 0, "role": 4, "vendor": 4}, "model": "vendors.vendorroles", "pk": 4}, {"fields": {"allocation": 0, "role": 5, "vendor": 4}, "model": "vendors.vendorroles", "pk": 5}, {"fields": {"allocation": 0, "role": 6, "vendor": 4}, "model": "vendors.vendorroles", "pk": 6}, {"fields": {"allocation": 30, "role": 1, "vendor": 5}, "model": "vendors.vendorroles", "pk": 7}, {"fields": {"allocation": 25, "role": 2, "vendor": 5}, "model": "vendors.vendorroles", "pk": 8}, {"fields": {"allocation": 20, "role": 3, "vendor": 5}, "model": "vendors.vendorroles", "pk": 9}, {"fields": {"allocation": 10, "role": 4, "vendor": 5}, "model": "vendors.vendorroles", "pk": 10}, {"fields": {"allocation": 10, "role": 5, "vendor": 5}, "model": "vendors.vendorroles", "pk": 11}, {"fields": {"allocation": 5, "role": 6, "vendor": 5}, "model": "vendors.vendorroles", "pk": 12}, {"fields": {"allocation": 0, "role": 1, "vendor": 8}, "model": "vendors.vendorroles", "pk": 13}, {"fields": {"allocation": 0, "role": 2, "vendor": 8}, "model": "vendors.vendorroles", "pk": 14}, {"fields": {"allocation": 0, "role": 3, "vendor": 8}, "model": "vendors.vendorroles", "pk": 15}, {"fields": {"allocation": 0, "role": 1, "vendor": 12}, "model": "vendors.vendorroles", "pk": 26}, {"fields": {"allocation": 0, "role": 3, "vendor": 12}, "model": "vendors.vendorroles", "pk": 28}, {"fields": {"allocation": 0, "role": 1, "vendor": 11}, "model": "vendors.vendorroles", "pk": 30}, {"fields": {"allocation": 0, "role": 2, "vendor": 11}, "model": "vendors.vendorroles", "pk": 31}, {"fields": {"allocation": 0, "role": 3, "vendor": 11}, "model": "vendors.vendorroles", "pk": 32}, {"fields": {"allocation": 0, "role": 4, "vendor": 11}, "model": "vendors.vendorroles", "pk": 33}, {"fields": {"allocation": 0, "role": 5, "vendor": 11}, "model": "vendors.vendorroles", "pk": 34}, {"fields": {"allocation": 0, "role": 6, "vendor": 11}, "model": "vendors.vendorroles", "pk": 35}, {"fields": {"allocation": 0, "role": 16, "vendor": 11}, "model": "vendors.vendorroles", "pk": 45}, {"fields": {"allocation": 40, "skill": 44, "vendor": 5}, "model": "vendors.vendorcategories", "pk": 1}, {"fields": {"allocation": 30, "skill": 45, "vendor": 5}, "model": "vendors.vendorcategories", "pk": 2}, {"fields": {"allocation": 10, "skill": 46, "vendor": 5}, "model": "vendors.vendorcategories", "pk": 3}, {"fields": {"allocation": 5, "skill": 47, "vendor": 5}, "model": "vendors.vendorcategories", "pk": 4}, {"fields": {"allocation": 1, "skill": 48, "vendor": 5}, "model": "vendors.vendorcategories", "pk": 5}, {"fields": {"allocation": 1, "skill": 49, "vendor": 5}, "model": "vendors.vendorcategories", "pk": 6}, {"fields": {"allocation": 2, "skill": 50, "vendor": 5}, "model": "vendors.vendorcategories", "pk": 7}, {"fields": {"allocation": 3, "skill": 51, "vendor": 5}, "model": "vendors.vendorcategories", "pk": 8}, {"fields": {"allocation": 3, "skill": 52, "vendor": 5}, "model": "vendors.vendorcategories", "pk": 9}, {"fields": {"allocation": 5, "skill": 53, "vendor": 5}, "model": "vendors.vendorcategories", "pk": 10}, {"fields": {"allocation": 0, "skill": 54, "vendor": 5}, "model": "vendors.vendorcategories", "pk": 11}, {"fields": {"allocation": 0, "skill": 44, "vendor": 8}, "model": "vendors.vendorcategories", "pk": 13}, {"fields": {"allocation": 0, "skill": 45, "vendor": 8}, "model": "vendors.vendorcategories", "pk": 14}, {"fields": {"allocation": 0, "skill": 46, "vendor": 8}, "model": "vendors.vendorcategories", "pk": 15}, {"fields": {"allocation": 0, "skill": 49, "vendor": 8}, "model": "vendors.vendorcategories", "pk": 16}, {"fields": {"allocation": 0, "skill": 55, "vendor": 8}, "model": "vendors.vendorcategories", "pk": 17}, {"fields": {"allocation": 0, "skill": 44, "vendor": 12}, "model": "vendors.vendorcategories", "pk": 24}, {"fields": {"allocation": 0, "skill": 45, "vendor": 12}, "model": "vendors.vendorcategories", "pk": 25}, {"fields": {"allocation": 0, "skill": 50, "vendor": 12}, "model": "vendors.vendorcategories", "pk": 26}, {"fields": {"allocation": 0, "skill": 51, "vendor": 12}, "model": "vendors.vendorcategories", "pk": 27}, {"fields": {"allocation": 0, "skill": 44, "vendor": 11}, "model": "vendors.vendorcategories", "pk": 28}, {"fields": {"allocation": 0, "skill": 45, "vendor": 11}, "model": "vendors.vendorcategories", "pk": 29}, {"fields": {"allocation": 0, "skill": 46, "vendor": 11}, "model": "vendors.vendorcategories", "pk": 30}, {"fields": {"allocation": 0, "skill": 47, "vendor": 11}, "model": "vendors.vendorcategories", "pk": 31}, {"fields": {"allocation": 0, "skill": 48, "vendor": 11}, "model": "vendors.vendorcategories", "pk": 32}, {"fields": {"allocation": 0, "skill": 49, "vendor": 11}, "model": "vendors.vendorcategories", "pk": 33}, {"fields": {"allocation": 0, "skill": 50, "vendor": 11}, "model": "vendors.vendorcategories", "pk": 34}, {"fields": {"allocation": 0, "skill": 51, "vendor": 11}, "model": "vendors.vendorcategories", "pk": 35}, {"fields": {"allocation": 0, "skill": 52, "vendor": 11}, "model": "vendors.vendorcategories", "pk": 36}, {"fields": {"allocation": 0, "skill": 53, "vendor": 11}, "model": "vendors.vendorcategories", "pk": 37}, {"fields": {"allocation": 0, "skill": 54, "vendor": 11}, "model": "vendors.vendorcategories", "pk": 38}, {"fields": {"allocation": 0, "skill": 55, "vendor": 11}, "model": "vendors.vendorcategories", "pk": 39}, {"fields": {"allocation": 0, "skill": 56, "vendor": 11}, "model": "vendors.vendorcategories", "pk": 40}]
